 Phase (deg),width (UC),Length (um)
360,0.5,1
328.74,1,1.997977604
297.48,2,2.282756904
266.22,2.5,2.445085779
234.96,3,2.571162211
203.7,3.5,2.683333579
172.44,3,2.803310678
141.18,2,2.955462035
109.92,1,3.199843768